{"cameraMode":{"drawMode":0,"name":"Shaded","section":"Shading Mode"},"sceneLighting":true,"audioPlay":false,"sceneViewState":{"m_AlwaysRefresh":false,"showFog":true,"showSkybox":true,"showFlares":true,"showImageEffects":true,"showParticleSystems":true,"showVisualEffectGraphs":true,"m_FxEnabled":true},"in2DMode":false,"pivot":{"x":103.07391357421875,"y":98.34573364257813,"z":43.85346221923828},"rotation":{"x":-0.5767248868942261,"y":0.018128395080566407,"z":-0.012594448402523995,"w":-0.8167523145675659},"size":18.09273338317871,"orthographic":false}