{"cameraMode":{"drawMode":0,"name":"Shaded","section":"Shading Mode"},"sceneLighting":false,"audioPlay":false,"sceneViewState":{"m_AlwaysRefresh":false,"showFog":true,"showSkybox":false,"showFlares":true,"showImageEffects":true,"showParticleSystems":true,"showVisualEffectGraphs":true,"m_FxEnabled":true},"in2DMode":false,"pivot":{"x":-79.60427856445313,"y":1.0499999523162842,"z":-79.44999694824219},"rotation":{"x":0.32431086897850039,"y":-0.013293718919157982,"z":0.004580564796924591,"w":0.9458603858947754},"size":5.372462272644043,"orthographic":false}